symbol,predicted_return,weight
MRNA,0.08469337360230592,0.05
SNDK,0.06011811694570519,0.05
COHR,0.01801749713637205,0.05
BE,0.01583803344702561,0.05
INTC,0.014557728821215154,0.05
KLAC,0.012186629945603895,0.05
TER,0.01182772845894485,0.05
GLW,0.011009389082426761,0.05
APP,0.010895307749523485,0.05
AMAT,0.010857004100027608,0.05
VRT,0.010232781693600784,0.05
LITE,0.010017700843775502,0.05
LRCX,0.009899296762297375,0.05
JBL,0.00974091766984464,0.05
TSLA,0.009612797878481221,0.05
NEM,0.009409439596491966,0.05
ABNB,0.008969359113978382,0.05
WDC,0.008917435464233209,0.05
ECHO,0.008739063594660005,0.05
APTV,0.008478481264185513,0.05
